"open_date","scenario","iso3c"
NA,1,"ABW"
2021-04-27,2,"ABW"
2020-09-30,3,"ABW"
NA,4,"ABW"
2020-07-09,5,"ABW"
2020-06-10,6,"ABW"
NA,7,"ABW"
2020-10-10,8,"ABW"
2020-09-23,9,"ABW"
NA,10,"ABW"
2020-06-20,11,"ABW"
2020-06-04,12,"ABW"
NA,1,"AFG"
2021-04-27,2,"AFG"
2020-09-30,3,"AFG"
NA,4,"AFG"
2020-07-09,5,"AFG"
2020-06-10,6,"AFG"
NA,7,"AFG"
2020-10-10,8,"AFG"
2020-09-23,9,"AFG"
NA,10,"AFG"
2020-06-20,11,"AFG"
2020-06-04,12,"AFG"
NA,1,"AGO"
2021-04-27,2,"AGO"
2020-09-30,3,"AGO"
NA,4,"AGO"
2020-07-09,5,"AGO"
2020-06-10,6,"AGO"
NA,7,"AGO"
2020-10-10,8,"AGO"
2020-09-23,9,"AGO"
NA,10,"AGO"
2020-06-20,11,"AGO"
2020-06-04,12,"AGO"
NA,1,"ALB"
2021-04-27,2,"ALB"
2020-09-30,3,"ALB"
NA,4,"ALB"
2020-07-09,5,"ALB"
2020-06-10,6,"ALB"
NA,7,"ALB"
2020-10-10,8,"ALB"
2020-09-23,9,"ALB"
NA,10,"ALB"
2020-06-20,11,"ALB"
2020-06-04,12,"ALB"
NA,1,"ARE"
2021-04-27,2,"ARE"
2020-09-30,3,"ARE"
NA,4,"ARE"
2020-07-09,5,"ARE"
2020-06-10,6,"ARE"
NA,7,"ARE"
2020-10-10,8,"ARE"
2020-09-23,9,"ARE"
NA,10,"ARE"
2020-06-20,11,"ARE"
2020-06-04,12,"ARE"
NA,1,"ARG"
2021-04-27,2,"ARG"
2020-09-30,3,"ARG"
NA,4,"ARG"
2020-07-09,5,"ARG"
2020-06-10,6,"ARG"
NA,7,"ARG"
2020-10-10,8,"ARG"
2020-09-23,9,"ARG"
NA,10,"ARG"
2020-06-20,11,"ARG"
2020-06-04,12,"ARG"
NA,1,"ARM"
2021-04-27,2,"ARM"
2020-09-30,3,"ARM"
NA,4,"ARM"
2020-07-09,5,"ARM"
2020-06-10,6,"ARM"
NA,7,"ARM"
2020-10-10,8,"ARM"
2020-09-23,9,"ARM"
NA,10,"ARM"
2020-06-20,11,"ARM"
2020-06-04,12,"ARM"
NA,1,"ATG"
2021-04-27,2,"ATG"
2020-09-30,3,"ATG"
NA,4,"ATG"
2020-07-09,5,"ATG"
2020-06-10,6,"ATG"
NA,7,"ATG"
2020-10-10,8,"ATG"
2020-09-23,9,"ATG"
NA,10,"ATG"
2020-06-20,11,"ATG"
2020-06-04,12,"ATG"
NA,1,"AUS"
2021-04-27,2,"AUS"
2020-09-30,3,"AUS"
NA,4,"AUS"
2020-07-09,5,"AUS"
2020-06-10,6,"AUS"
NA,7,"AUS"
2020-10-10,8,"AUS"
2020-09-23,9,"AUS"
NA,10,"AUS"
2020-06-20,11,"AUS"
2020-06-04,12,"AUS"
NA,1,"AUT"
2021-04-27,2,"AUT"
2020-09-30,3,"AUT"
NA,4,"AUT"
2020-07-09,5,"AUT"
2020-06-10,6,"AUT"
NA,7,"AUT"
2020-10-10,8,"AUT"
2020-09-23,9,"AUT"
NA,10,"AUT"
2020-06-20,11,"AUT"
2020-06-04,12,"AUT"
NA,1,"AZE"
2021-04-27,2,"AZE"
2020-09-30,3,"AZE"
NA,4,"AZE"
2020-07-09,5,"AZE"
2020-06-10,6,"AZE"
NA,7,"AZE"
2020-10-10,8,"AZE"
2020-09-23,9,"AZE"
NA,10,"AZE"
2020-06-20,11,"AZE"
2020-06-04,12,"AZE"
NA,1,"BDI"
2021-04-27,2,"BDI"
2020-09-30,3,"BDI"
NA,4,"BDI"
2020-07-09,5,"BDI"
2020-06-10,6,"BDI"
NA,7,"BDI"
2020-10-10,8,"BDI"
2020-09-23,9,"BDI"
NA,10,"BDI"
2020-06-20,11,"BDI"
2020-06-04,12,"BDI"
NA,1,"BEL"
2021-04-27,2,"BEL"
2020-09-30,3,"BEL"
NA,4,"BEL"
2020-07-09,5,"BEL"
2020-06-10,6,"BEL"
NA,7,"BEL"
2020-10-10,8,"BEL"
2020-09-23,9,"BEL"
NA,10,"BEL"
2020-06-20,11,"BEL"
2020-06-04,12,"BEL"
NA,1,"BEN"
2021-04-27,2,"BEN"
2020-09-30,3,"BEN"
NA,4,"BEN"
2020-07-09,5,"BEN"
2020-06-10,6,"BEN"
NA,7,"BEN"
2020-10-10,8,"BEN"
2020-09-23,9,"BEN"
NA,10,"BEN"
2020-06-20,11,"BEN"
2020-06-04,12,"BEN"
NA,1,"BFA"
2021-04-27,2,"BFA"
2020-09-30,3,"BFA"
NA,4,"BFA"
2020-07-09,5,"BFA"
2020-06-10,6,"BFA"
NA,7,"BFA"
2020-10-10,8,"BFA"
2020-09-23,9,"BFA"
NA,10,"BFA"
2020-06-20,11,"BFA"
2020-06-04,12,"BFA"
NA,1,"BGD"
2021-04-27,2,"BGD"
2020-09-30,3,"BGD"
NA,4,"BGD"
2020-07-09,5,"BGD"
2020-06-10,6,"BGD"
NA,7,"BGD"
2020-10-10,8,"BGD"
2020-09-23,9,"BGD"
NA,10,"BGD"
2020-06-20,11,"BGD"
2020-06-04,12,"BGD"
NA,1,"BGR"
2021-04-27,2,"BGR"
2020-09-30,3,"BGR"
NA,4,"BGR"
2020-07-09,5,"BGR"
2020-06-10,6,"BGR"
NA,7,"BGR"
2020-10-10,8,"BGR"
2020-09-23,9,"BGR"
NA,10,"BGR"
2020-06-20,11,"BGR"
2020-06-04,12,"BGR"
NA,1,"BHR"
2021-04-27,2,"BHR"
2020-09-30,3,"BHR"
NA,4,"BHR"
2020-07-09,5,"BHR"
2020-06-10,6,"BHR"
NA,7,"BHR"
2020-10-10,8,"BHR"
2020-09-23,9,"BHR"
NA,10,"BHR"
2020-06-20,11,"BHR"
2020-06-04,12,"BHR"
NA,1,"BHS"
2021-04-27,2,"BHS"
2020-09-30,3,"BHS"
NA,4,"BHS"
2020-07-09,5,"BHS"
2020-06-10,6,"BHS"
NA,7,"BHS"
2020-10-10,8,"BHS"
2020-09-23,9,"BHS"
NA,10,"BHS"
2020-06-20,11,"BHS"
2020-06-04,12,"BHS"
NA,1,"BIH"
2021-04-27,2,"BIH"
2020-09-30,3,"BIH"
NA,4,"BIH"
2020-07-09,5,"BIH"
2020-06-10,6,"BIH"
NA,7,"BIH"
2020-10-10,8,"BIH"
2020-09-23,9,"BIH"
NA,10,"BIH"
2020-06-20,11,"BIH"
2020-06-04,12,"BIH"
NA,1,"BLR"
2021-04-27,2,"BLR"
2020-09-30,3,"BLR"
NA,4,"BLR"
2020-07-09,5,"BLR"
2020-06-10,6,"BLR"
NA,7,"BLR"
2020-10-10,8,"BLR"
2020-09-23,9,"BLR"
NA,10,"BLR"
2020-06-20,11,"BLR"
2020-06-04,12,"BLR"
NA,1,"BLZ"
2021-04-27,2,"BLZ"
2020-09-30,3,"BLZ"
NA,4,"BLZ"
2020-07-09,5,"BLZ"
2020-06-10,6,"BLZ"
NA,7,"BLZ"
2020-10-10,8,"BLZ"
2020-09-23,9,"BLZ"
NA,10,"BLZ"
2020-06-20,11,"BLZ"
2020-06-04,12,"BLZ"
NA,1,"BOL"
2021-04-27,2,"BOL"
2020-09-30,3,"BOL"
NA,4,"BOL"
2020-07-09,5,"BOL"
2020-06-10,6,"BOL"
NA,7,"BOL"
2020-10-10,8,"BOL"
2020-09-23,9,"BOL"
NA,10,"BOL"
2020-06-20,11,"BOL"
2020-06-04,12,"BOL"
NA,1,"BRA"
2021-04-27,2,"BRA"
2020-09-30,3,"BRA"
NA,4,"BRA"
2020-07-09,5,"BRA"
2020-06-10,6,"BRA"
NA,7,"BRA"
2020-10-10,8,"BRA"
2020-09-23,9,"BRA"
NA,10,"BRA"
2020-06-20,11,"BRA"
2020-06-04,12,"BRA"
NA,1,"BRB"
2021-04-27,2,"BRB"
2020-09-30,3,"BRB"
NA,4,"BRB"
2020-07-09,5,"BRB"
2020-06-10,6,"BRB"
NA,7,"BRB"
2020-10-10,8,"BRB"
2020-09-23,9,"BRB"
NA,10,"BRB"
2020-06-20,11,"BRB"
2020-06-04,12,"BRB"
NA,1,"BRN"
2021-04-27,2,"BRN"
2020-09-30,3,"BRN"
NA,4,"BRN"
2020-07-09,5,"BRN"
2020-06-10,6,"BRN"
NA,7,"BRN"
2020-10-10,8,"BRN"
2020-09-23,9,"BRN"
NA,10,"BRN"
2020-06-20,11,"BRN"
2020-06-04,12,"BRN"
NA,1,"BTN"
2021-04-27,2,"BTN"
2020-09-30,3,"BTN"
NA,4,"BTN"
2020-07-09,5,"BTN"
2020-06-10,6,"BTN"
NA,7,"BTN"
2020-10-10,8,"BTN"
2020-09-23,9,"BTN"
NA,10,"BTN"
2020-06-20,11,"BTN"
2020-06-04,12,"BTN"
NA,1,"BWA"
2021-04-27,2,"BWA"
2020-09-30,3,"BWA"
NA,4,"BWA"
2020-07-09,5,"BWA"
2020-06-10,6,"BWA"
NA,7,"BWA"
2020-10-10,8,"BWA"
2020-09-23,9,"BWA"
NA,10,"BWA"
2020-06-20,11,"BWA"
2020-06-04,12,"BWA"
NA,1,"CAF"
2021-04-27,2,"CAF"
2020-09-30,3,"CAF"
NA,4,"CAF"
2020-07-09,5,"CAF"
2020-06-10,6,"CAF"
NA,7,"CAF"
2020-10-10,8,"CAF"
2020-09-23,9,"CAF"
NA,10,"CAF"
2020-06-20,11,"CAF"
2020-06-04,12,"CAF"
NA,1,"CAN"
2021-04-27,2,"CAN"
2020-09-30,3,"CAN"
NA,4,"CAN"
2020-07-09,5,"CAN"
2020-06-10,6,"CAN"
NA,7,"CAN"
2020-10-10,8,"CAN"
2020-09-23,9,"CAN"
NA,10,"CAN"
2020-06-20,11,"CAN"
2020-06-04,12,"CAN"
NA,1,"CHE"
2021-04-27,2,"CHE"
2020-09-30,3,"CHE"
NA,4,"CHE"
2020-07-09,5,"CHE"
2020-06-10,6,"CHE"
NA,7,"CHE"
2020-10-10,8,"CHE"
2020-09-23,9,"CHE"
NA,10,"CHE"
2020-06-20,11,"CHE"
2020-06-04,12,"CHE"
NA,1,"CHL"
2021-04-27,2,"CHL"
2020-09-30,3,"CHL"
NA,4,"CHL"
2020-07-09,5,"CHL"
2020-06-10,6,"CHL"
NA,7,"CHL"
2020-10-10,8,"CHL"
2020-09-23,9,"CHL"
NA,10,"CHL"
2020-06-20,11,"CHL"
2020-06-04,12,"CHL"
NA,1,"CIV"
2021-04-27,2,"CIV"
2020-09-30,3,"CIV"
NA,4,"CIV"
2020-07-09,5,"CIV"
2020-06-10,6,"CIV"
NA,7,"CIV"
2020-10-10,8,"CIV"
2020-09-23,9,"CIV"
NA,10,"CIV"
2020-06-20,11,"CIV"
2020-06-04,12,"CIV"
NA,1,"CMR"
2021-04-27,2,"CMR"
2020-09-30,3,"CMR"
NA,4,"CMR"
2020-07-09,5,"CMR"
2020-06-10,6,"CMR"
NA,7,"CMR"
2020-10-10,8,"CMR"
2020-09-23,9,"CMR"
NA,10,"CMR"
2020-06-20,11,"CMR"
2020-06-04,12,"CMR"
NA,1,"COD"
2021-04-27,2,"COD"
2020-09-30,3,"COD"
NA,4,"COD"
2020-07-09,5,"COD"
2020-06-10,6,"COD"
NA,7,"COD"
2020-10-10,8,"COD"
2020-09-23,9,"COD"
NA,10,"COD"
2020-06-20,11,"COD"
2020-06-04,12,"COD"
NA,1,"COG"
2021-04-27,2,"COG"
2020-09-30,3,"COG"
NA,4,"COG"
2020-07-09,5,"COG"
2020-06-10,6,"COG"
NA,7,"COG"
2020-10-10,8,"COG"
2020-09-23,9,"COG"
NA,10,"COG"
2020-06-20,11,"COG"
2020-06-04,12,"COG"
NA,1,"COL"
2021-04-27,2,"COL"
2020-09-30,3,"COL"
NA,4,"COL"
2020-07-09,5,"COL"
2020-06-10,6,"COL"
NA,7,"COL"
2020-10-10,8,"COL"
2020-09-23,9,"COL"
NA,10,"COL"
2020-06-20,11,"COL"
2020-06-04,12,"COL"
NA,1,"COM"
2021-04-27,2,"COM"
2020-09-30,3,"COM"
NA,4,"COM"
2020-07-09,5,"COM"
2020-06-10,6,"COM"
NA,7,"COM"
2020-10-10,8,"COM"
2020-09-23,9,"COM"
NA,10,"COM"
2020-06-20,11,"COM"
2020-06-04,12,"COM"
NA,1,"CPV"
2021-04-27,2,"CPV"
2020-09-30,3,"CPV"
NA,4,"CPV"
2020-07-09,5,"CPV"
2020-06-10,6,"CPV"
NA,7,"CPV"
2020-10-10,8,"CPV"
2020-09-23,9,"CPV"
NA,10,"CPV"
2020-06-20,11,"CPV"
2020-06-04,12,"CPV"
NA,1,"CRI"
2021-04-27,2,"CRI"
2020-09-30,3,"CRI"
NA,4,"CRI"
2020-07-09,5,"CRI"
2020-06-10,6,"CRI"
NA,7,"CRI"
2020-10-10,8,"CRI"
2020-09-23,9,"CRI"
NA,10,"CRI"
2020-06-20,11,"CRI"
2020-06-04,12,"CRI"
NA,1,"CUB"
2021-04-27,2,"CUB"
2020-09-30,3,"CUB"
NA,4,"CUB"
2020-07-09,5,"CUB"
2020-06-10,6,"CUB"
NA,7,"CUB"
2020-10-10,8,"CUB"
2020-09-23,9,"CUB"
NA,10,"CUB"
2020-06-20,11,"CUB"
2020-06-04,12,"CUB"
NA,1,"CUW"
2021-04-27,2,"CUW"
2020-09-30,3,"CUW"
NA,4,"CUW"
2020-07-09,5,"CUW"
2020-06-10,6,"CUW"
NA,7,"CUW"
2020-10-10,8,"CUW"
2020-09-23,9,"CUW"
NA,10,"CUW"
2020-06-20,11,"CUW"
2020-06-04,12,"CUW"
NA,1,"CYP"
2021-04-27,2,"CYP"
2020-09-30,3,"CYP"
NA,4,"CYP"
2020-07-09,5,"CYP"
2020-06-10,6,"CYP"
NA,7,"CYP"
2020-10-10,8,"CYP"
2020-09-23,9,"CYP"
NA,10,"CYP"
2020-06-20,11,"CYP"
2020-06-04,12,"CYP"
NA,1,"CZE"
2021-04-27,2,"CZE"
2020-09-30,3,"CZE"
NA,4,"CZE"
2020-07-09,5,"CZE"
2020-06-10,6,"CZE"
NA,7,"CZE"
2020-10-10,8,"CZE"
2020-09-23,9,"CZE"
NA,10,"CZE"
2020-06-20,11,"CZE"
2020-06-04,12,"CZE"
NA,1,"DEU"
2021-04-27,2,"DEU"
2020-09-30,3,"DEU"
NA,4,"DEU"
2020-07-09,5,"DEU"
2020-06-10,6,"DEU"
NA,7,"DEU"
2020-10-10,8,"DEU"
2020-09-23,9,"DEU"
NA,10,"DEU"
2020-06-20,11,"DEU"
2020-06-04,12,"DEU"
NA,1,"DJI"
2021-04-27,2,"DJI"
2020-09-30,3,"DJI"
NA,4,"DJI"
2020-07-09,5,"DJI"
2020-06-10,6,"DJI"
NA,7,"DJI"
2020-10-10,8,"DJI"
2020-09-23,9,"DJI"
NA,10,"DJI"
2020-06-20,11,"DJI"
2020-06-04,12,"DJI"
NA,1,"DNK"
2021-04-27,2,"DNK"
2020-09-30,3,"DNK"
NA,4,"DNK"
2020-07-09,5,"DNK"
2020-06-10,6,"DNK"
NA,7,"DNK"
2020-10-10,8,"DNK"
2020-09-23,9,"DNK"
NA,10,"DNK"
2020-06-20,11,"DNK"
2020-06-04,12,"DNK"
NA,1,"DOM"
2021-04-27,2,"DOM"
2020-09-30,3,"DOM"
NA,4,"DOM"
2020-07-09,5,"DOM"
2020-06-10,6,"DOM"
NA,7,"DOM"
2020-10-10,8,"DOM"
2020-09-23,9,"DOM"
NA,10,"DOM"
2020-06-20,11,"DOM"
2020-06-04,12,"DOM"
NA,1,"DZA"
2021-04-27,2,"DZA"
2020-09-30,3,"DZA"
NA,4,"DZA"
2020-07-09,5,"DZA"
2020-06-10,6,"DZA"
NA,7,"DZA"
2020-10-10,8,"DZA"
2020-09-23,9,"DZA"
NA,10,"DZA"
2020-06-20,11,"DZA"
2020-06-04,12,"DZA"
NA,1,"ECU"
2021-04-27,2,"ECU"
2020-09-30,3,"ECU"
NA,4,"ECU"
2020-07-09,5,"ECU"
2020-06-10,6,"ECU"
NA,7,"ECU"
2020-10-10,8,"ECU"
2020-09-23,9,"ECU"
NA,10,"ECU"
2020-06-20,11,"ECU"
2020-06-04,12,"ECU"
NA,1,"EGY"
2021-04-27,2,"EGY"
2020-09-30,3,"EGY"
NA,4,"EGY"
2020-07-09,5,"EGY"
2020-06-10,6,"EGY"
NA,7,"EGY"
2020-10-10,8,"EGY"
2020-09-23,9,"EGY"
NA,10,"EGY"
2020-06-20,11,"EGY"
2020-06-04,12,"EGY"
NA,1,"ESP"
2021-04-27,2,"ESP"
2020-09-30,3,"ESP"
NA,4,"ESP"
2020-07-09,5,"ESP"
2020-06-10,6,"ESP"
NA,7,"ESP"
2020-10-10,8,"ESP"
2020-09-23,9,"ESP"
NA,10,"ESP"
2020-06-20,11,"ESP"
2020-06-04,12,"ESP"
NA,1,"EST"
2021-04-27,2,"EST"
2020-09-30,3,"EST"
NA,4,"EST"
2020-07-09,5,"EST"
2020-06-10,6,"EST"
NA,7,"EST"
2020-10-10,8,"EST"
2020-09-23,9,"EST"
NA,10,"EST"
2020-06-20,11,"EST"
2020-06-04,12,"EST"
NA,1,"ETH"
2021-04-27,2,"ETH"
2020-09-30,3,"ETH"
NA,4,"ETH"
2020-07-09,5,"ETH"
2020-06-10,6,"ETH"
NA,7,"ETH"
2020-10-10,8,"ETH"
2020-09-23,9,"ETH"
NA,10,"ETH"
2020-06-20,11,"ETH"
2020-06-04,12,"ETH"
NA,1,"FIN"
2021-04-27,2,"FIN"
2020-09-30,3,"FIN"
NA,4,"FIN"
2020-07-09,5,"FIN"
2020-06-10,6,"FIN"
NA,7,"FIN"
2020-10-10,8,"FIN"
2020-09-23,9,"FIN"
NA,10,"FIN"
2020-06-20,11,"FIN"
2020-06-04,12,"FIN"
NA,1,"FJI"
2021-04-27,2,"FJI"
2020-09-30,3,"FJI"
NA,4,"FJI"
2020-07-09,5,"FJI"
2020-06-10,6,"FJI"
NA,7,"FJI"
2020-10-10,8,"FJI"
2020-09-23,9,"FJI"
NA,10,"FJI"
2020-06-20,11,"FJI"
2020-06-04,12,"FJI"
NA,1,"FRA"
2021-04-27,2,"FRA"
2020-09-30,3,"FRA"
NA,4,"FRA"
2020-07-09,5,"FRA"
2020-06-10,6,"FRA"
NA,7,"FRA"
2020-10-10,8,"FRA"
2020-09-23,9,"FRA"
NA,10,"FRA"
2020-06-20,11,"FRA"
2020-06-04,12,"FRA"
NA,1,"GAB"
2021-04-27,2,"GAB"
2020-09-30,3,"GAB"
NA,4,"GAB"
2020-07-09,5,"GAB"
2020-06-10,6,"GAB"
NA,7,"GAB"
2020-10-10,8,"GAB"
2020-09-23,9,"GAB"
NA,10,"GAB"
2020-06-20,11,"GAB"
2020-06-04,12,"GAB"
NA,1,"GBR"
2021-04-27,2,"GBR"
2020-09-30,3,"GBR"
NA,4,"GBR"
2020-07-09,5,"GBR"
2020-06-10,6,"GBR"
NA,7,"GBR"
2020-10-10,8,"GBR"
2020-09-23,9,"GBR"
NA,10,"GBR"
2020-06-20,11,"GBR"
2020-06-04,12,"GBR"
NA,1,"GEO"
2021-04-27,2,"GEO"
2020-09-30,3,"GEO"
NA,4,"GEO"
2020-07-09,5,"GEO"
2020-06-10,6,"GEO"
NA,7,"GEO"
2020-10-10,8,"GEO"
2020-09-23,9,"GEO"
NA,10,"GEO"
2020-06-20,11,"GEO"
2020-06-04,12,"GEO"
NA,1,"GHA"
2021-04-27,2,"GHA"
2020-09-30,3,"GHA"
NA,4,"GHA"
2020-07-09,5,"GHA"
2020-06-10,6,"GHA"
NA,7,"GHA"
2020-10-10,8,"GHA"
2020-09-23,9,"GHA"
NA,10,"GHA"
2020-06-20,11,"GHA"
2020-06-04,12,"GHA"
NA,1,"GIN"
2021-04-27,2,"GIN"
2020-09-30,3,"GIN"
NA,4,"GIN"
2020-07-09,5,"GIN"
2020-06-10,6,"GIN"
NA,7,"GIN"
2020-10-10,8,"GIN"
2020-09-23,9,"GIN"
NA,10,"GIN"
2020-06-20,11,"GIN"
2020-06-04,12,"GIN"
NA,1,"GMB"
2021-04-27,2,"GMB"
2020-09-30,3,"GMB"
NA,4,"GMB"
2020-07-09,5,"GMB"
2020-06-10,6,"GMB"
NA,7,"GMB"
2020-10-10,8,"GMB"
2020-09-23,9,"GMB"
NA,10,"GMB"
2020-06-20,11,"GMB"
2020-06-04,12,"GMB"
NA,1,"GNB"
2021-04-27,2,"GNB"
2020-09-30,3,"GNB"
NA,4,"GNB"
2020-07-09,5,"GNB"
2020-06-10,6,"GNB"
NA,7,"GNB"
2020-10-10,8,"GNB"
2020-09-23,9,"GNB"
NA,10,"GNB"
2020-06-20,11,"GNB"
2020-06-04,12,"GNB"
NA,1,"GNQ"
2021-04-27,2,"GNQ"
2020-09-30,3,"GNQ"
NA,4,"GNQ"
2020-07-09,5,"GNQ"
2020-06-10,6,"GNQ"
NA,7,"GNQ"
2020-10-10,8,"GNQ"
2020-09-23,9,"GNQ"
NA,10,"GNQ"
2020-06-20,11,"GNQ"
2020-06-04,12,"GNQ"
NA,1,"GRC"
2021-04-27,2,"GRC"
2020-09-30,3,"GRC"
NA,4,"GRC"
2020-07-09,5,"GRC"
2020-06-10,6,"GRC"
NA,7,"GRC"
2020-10-10,8,"GRC"
2020-09-23,9,"GRC"
NA,10,"GRC"
2020-06-20,11,"GRC"
2020-06-04,12,"GRC"
NA,1,"GRD"
2021-04-27,2,"GRD"
2020-09-30,3,"GRD"
NA,4,"GRD"
2020-07-09,5,"GRD"
2020-06-10,6,"GRD"
NA,7,"GRD"
2020-10-10,8,"GRD"
2020-09-23,9,"GRD"
NA,10,"GRD"
2020-06-20,11,"GRD"
2020-06-04,12,"GRD"
NA,1,"GTM"
2021-04-27,2,"GTM"
2020-09-30,3,"GTM"
NA,4,"GTM"
2020-07-09,5,"GTM"
2020-06-10,6,"GTM"
NA,7,"GTM"
2020-10-10,8,"GTM"
2020-09-23,9,"GTM"
NA,10,"GTM"
2020-06-20,11,"GTM"
2020-06-04,12,"GTM"
NA,1,"GUM"
2021-04-27,2,"GUM"
2020-09-30,3,"GUM"
NA,4,"GUM"
2020-07-09,5,"GUM"
2020-06-10,6,"GUM"
NA,7,"GUM"
2020-10-10,8,"GUM"
2020-09-23,9,"GUM"
NA,10,"GUM"
2020-06-20,11,"GUM"
2020-06-04,12,"GUM"
NA,1,"GUY"
2021-04-27,2,"GUY"
2020-09-30,3,"GUY"
NA,4,"GUY"
2020-07-09,5,"GUY"
2020-06-10,6,"GUY"
NA,7,"GUY"
2020-10-10,8,"GUY"
2020-09-23,9,"GUY"
NA,10,"GUY"
2020-06-20,11,"GUY"
2020-06-04,12,"GUY"
NA,1,"HKG"
2021-04-27,2,"HKG"
2020-09-30,3,"HKG"
NA,4,"HKG"
2020-07-09,5,"HKG"
2020-06-10,6,"HKG"
NA,7,"HKG"
2020-10-10,8,"HKG"
2020-09-23,9,"HKG"
NA,10,"HKG"
2020-06-20,11,"HKG"
2020-06-04,12,"HKG"
NA,1,"HND"
2021-04-27,2,"HND"
2020-09-30,3,"HND"
NA,4,"HND"
2020-07-09,5,"HND"
2020-06-10,6,"HND"
NA,7,"HND"
2020-10-10,8,"HND"
2020-09-23,9,"HND"
NA,10,"HND"
2020-06-20,11,"HND"
2020-06-04,12,"HND"
NA,1,"HRV"
2021-04-27,2,"HRV"
2020-09-30,3,"HRV"
NA,4,"HRV"
2020-07-09,5,"HRV"
2020-06-10,6,"HRV"
NA,7,"HRV"
2020-10-10,8,"HRV"
2020-09-23,9,"HRV"
NA,10,"HRV"
2020-06-20,11,"HRV"
2020-06-04,12,"HRV"
NA,1,"HTI"
2021-04-27,2,"HTI"
2020-09-30,3,"HTI"
NA,4,"HTI"
2020-07-09,5,"HTI"
2020-06-10,6,"HTI"
NA,7,"HTI"
2020-10-10,8,"HTI"
2020-09-23,9,"HTI"
NA,10,"HTI"
2020-06-20,11,"HTI"
2020-06-04,12,"HTI"
NA,1,"HUN"
2021-04-27,2,"HUN"
2020-09-30,3,"HUN"
NA,4,"HUN"
2020-07-09,5,"HUN"
2020-06-10,6,"HUN"
NA,7,"HUN"
2020-10-10,8,"HUN"
2020-09-23,9,"HUN"
NA,10,"HUN"
2020-06-20,11,"HUN"
2020-06-04,12,"HUN"
NA,1,"IDN"
2021-04-27,2,"IDN"
2020-09-30,3,"IDN"
NA,4,"IDN"
2020-07-09,5,"IDN"
2020-06-10,6,"IDN"
NA,7,"IDN"
2020-10-10,8,"IDN"
2020-09-23,9,"IDN"
NA,10,"IDN"
2020-06-20,11,"IDN"
2020-06-04,12,"IDN"
NA,1,"IND"
2021-04-27,2,"IND"
2020-09-30,3,"IND"
NA,4,"IND"
2020-07-09,5,"IND"
2020-06-10,6,"IND"
NA,7,"IND"
2020-10-10,8,"IND"
2020-09-23,9,"IND"
NA,10,"IND"
2020-06-20,11,"IND"
2020-06-04,12,"IND"
NA,1,"IRL"
2021-04-27,2,"IRL"
2020-09-30,3,"IRL"
NA,4,"IRL"
2020-07-09,5,"IRL"
2020-06-10,6,"IRL"
NA,7,"IRL"
2020-10-10,8,"IRL"
2020-09-23,9,"IRL"
NA,10,"IRL"
2020-06-20,11,"IRL"
2020-06-04,12,"IRL"
NA,1,"IRN"
2021-04-27,2,"IRN"
2020-09-30,3,"IRN"
NA,4,"IRN"
2020-07-09,5,"IRN"
2020-06-10,6,"IRN"
NA,7,"IRN"
2020-10-10,8,"IRN"
2020-09-23,9,"IRN"
NA,10,"IRN"
2020-06-20,11,"IRN"
2020-06-04,12,"IRN"
NA,1,"IRQ"
2021-04-27,2,"IRQ"
2020-09-30,3,"IRQ"
NA,4,"IRQ"
2020-07-09,5,"IRQ"
2020-06-10,6,"IRQ"
NA,7,"IRQ"
2020-10-10,8,"IRQ"
2020-09-23,9,"IRQ"
NA,10,"IRQ"
2020-06-20,11,"IRQ"
2020-06-04,12,"IRQ"
NA,1,"ISL"
2021-04-27,2,"ISL"
2020-09-30,3,"ISL"
NA,4,"ISL"
2020-07-09,5,"ISL"
2020-06-10,6,"ISL"
NA,7,"ISL"
2020-10-10,8,"ISL"
2020-09-23,9,"ISL"
NA,10,"ISL"
2020-06-20,11,"ISL"
2020-06-04,12,"ISL"
NA,1,"ISR"
2021-04-27,2,"ISR"
2020-09-30,3,"ISR"
NA,4,"ISR"
2020-07-09,5,"ISR"
2020-06-10,6,"ISR"
NA,7,"ISR"
2020-10-10,8,"ISR"
2020-09-23,9,"ISR"
NA,10,"ISR"
2020-06-20,11,"ISR"
2020-06-04,12,"ISR"
NA,1,"ITA"
2021-04-27,2,"ITA"
2020-09-30,3,"ITA"
NA,4,"ITA"
2020-07-09,5,"ITA"
2020-06-10,6,"ITA"
NA,7,"ITA"
2020-10-10,8,"ITA"
2020-09-23,9,"ITA"
NA,10,"ITA"
2020-06-20,11,"ITA"
2020-06-04,12,"ITA"
NA,1,"JAM"
2021-04-27,2,"JAM"
2020-09-30,3,"JAM"
NA,4,"JAM"
2020-07-09,5,"JAM"
2020-06-10,6,"JAM"
NA,7,"JAM"
2020-10-10,8,"JAM"
2020-09-23,9,"JAM"
NA,10,"JAM"
2020-06-20,11,"JAM"
2020-06-04,12,"JAM"
NA,1,"JOR"
2021-04-27,2,"JOR"
2020-09-30,3,"JOR"
NA,4,"JOR"
2020-07-09,5,"JOR"
2020-06-10,6,"JOR"
NA,7,"JOR"
2020-10-10,8,"JOR"
2020-09-23,9,"JOR"
NA,10,"JOR"
2020-06-20,11,"JOR"
2020-06-04,12,"JOR"
NA,1,"JPN"
2021-04-27,2,"JPN"
2020-09-30,3,"JPN"
NA,4,"JPN"
2020-07-09,5,"JPN"
2020-06-10,6,"JPN"
NA,7,"JPN"
2020-10-10,8,"JPN"
2020-09-23,9,"JPN"
NA,10,"JPN"
2020-06-20,11,"JPN"
2020-06-04,12,"JPN"
NA,1,"KAZ"
2021-04-27,2,"KAZ"
2020-09-30,3,"KAZ"
NA,4,"KAZ"
2020-07-09,5,"KAZ"
2020-06-10,6,"KAZ"
NA,7,"KAZ"
2020-10-10,8,"KAZ"
2020-09-23,9,"KAZ"
NA,10,"KAZ"
2020-06-20,11,"KAZ"
2020-06-04,12,"KAZ"
NA,1,"KEN"
2021-04-27,2,"KEN"
2020-09-30,3,"KEN"
NA,4,"KEN"
2020-07-09,5,"KEN"
2020-06-10,6,"KEN"
NA,7,"KEN"
2020-10-10,8,"KEN"
2020-09-23,9,"KEN"
NA,10,"KEN"
2020-06-20,11,"KEN"
2020-06-04,12,"KEN"
NA,1,"KGZ"
2021-04-27,2,"KGZ"
2020-09-30,3,"KGZ"
NA,4,"KGZ"
2020-07-09,5,"KGZ"
2020-06-10,6,"KGZ"
NA,7,"KGZ"
2020-10-10,8,"KGZ"
2020-09-23,9,"KGZ"
NA,10,"KGZ"
2020-06-20,11,"KGZ"
2020-06-04,12,"KGZ"
NA,1,"KHM"
2021-04-27,2,"KHM"
2020-09-30,3,"KHM"
NA,4,"KHM"
2020-07-09,5,"KHM"
2020-06-10,6,"KHM"
NA,7,"KHM"
2020-10-10,8,"KHM"
2020-09-23,9,"KHM"
NA,10,"KHM"
2020-06-20,11,"KHM"
2020-06-04,12,"KHM"
NA,1,"KOR"
2021-04-27,2,"KOR"
2020-09-30,3,"KOR"
NA,4,"KOR"
2020-07-09,5,"KOR"
2020-06-10,6,"KOR"
NA,7,"KOR"
2020-10-10,8,"KOR"
2020-09-23,9,"KOR"
NA,10,"KOR"
2020-06-20,11,"KOR"
2020-06-04,12,"KOR"
NA,1,"KWT"
2021-04-27,2,"KWT"
2020-09-30,3,"KWT"
NA,4,"KWT"
2020-07-09,5,"KWT"
2020-06-10,6,"KWT"
NA,7,"KWT"
2020-10-10,8,"KWT"
2020-09-23,9,"KWT"
NA,10,"KWT"
2020-06-20,11,"KWT"
2020-06-04,12,"KWT"
NA,1,"LAO"
2021-04-27,2,"LAO"
2020-09-30,3,"LAO"
NA,4,"LAO"
2020-07-09,5,"LAO"
2020-06-10,6,"LAO"
NA,7,"LAO"
2020-10-10,8,"LAO"
2020-09-23,9,"LAO"
NA,10,"LAO"
2020-06-20,11,"LAO"
2020-06-04,12,"LAO"
NA,1,"LBN"
2021-04-27,2,"LBN"
2020-09-30,3,"LBN"
NA,4,"LBN"
2020-07-09,5,"LBN"
2020-06-10,6,"LBN"
NA,7,"LBN"
2020-10-10,8,"LBN"
2020-09-23,9,"LBN"
NA,10,"LBN"
2020-06-20,11,"LBN"
2020-06-04,12,"LBN"
NA,1,"LBR"
2021-04-27,2,"LBR"
2020-09-30,3,"LBR"
NA,4,"LBR"
2020-07-09,5,"LBR"
2020-06-10,6,"LBR"
NA,7,"LBR"
2020-10-10,8,"LBR"
2020-09-23,9,"LBR"
NA,10,"LBR"
2020-06-20,11,"LBR"
2020-06-04,12,"LBR"
NA,1,"LBY"
2021-04-27,2,"LBY"
2020-09-30,3,"LBY"
NA,4,"LBY"
2020-07-09,5,"LBY"
2020-06-10,6,"LBY"
NA,7,"LBY"
2020-10-10,8,"LBY"
2020-09-23,9,"LBY"
NA,10,"LBY"
2020-06-20,11,"LBY"
2020-06-04,12,"LBY"
NA,1,"LCA"
2021-04-27,2,"LCA"
2020-09-30,3,"LCA"
NA,4,"LCA"
2020-07-09,5,"LCA"
2020-06-10,6,"LCA"
NA,7,"LCA"
2020-10-10,8,"LCA"
2020-09-23,9,"LCA"
NA,10,"LCA"
2020-06-20,11,"LCA"
2020-06-04,12,"LCA"
NA,1,"LKA"
2021-04-27,2,"LKA"
2020-09-30,3,"LKA"
NA,4,"LKA"
2020-07-09,5,"LKA"
2020-06-10,6,"LKA"
NA,7,"LKA"
2020-10-10,8,"LKA"
2020-09-23,9,"LKA"
NA,10,"LKA"
2020-06-20,11,"LKA"
2020-06-04,12,"LKA"
NA,1,"LSO"
2021-04-27,2,"LSO"
2020-09-30,3,"LSO"
NA,4,"LSO"
2020-07-09,5,"LSO"
2020-06-10,6,"LSO"
NA,7,"LSO"
2020-10-10,8,"LSO"
2020-09-23,9,"LSO"
NA,10,"LSO"
2020-06-20,11,"LSO"
2020-06-04,12,"LSO"
NA,1,"LTU"
2021-04-27,2,"LTU"
2020-09-30,3,"LTU"
NA,4,"LTU"
2020-07-09,5,"LTU"
2020-06-10,6,"LTU"
NA,7,"LTU"
2020-10-10,8,"LTU"
2020-09-23,9,"LTU"
NA,10,"LTU"
2020-06-20,11,"LTU"
2020-06-04,12,"LTU"
NA,1,"LUX"
2021-04-27,2,"LUX"
2020-09-30,3,"LUX"
NA,4,"LUX"
2020-07-09,5,"LUX"
2020-06-10,6,"LUX"
NA,7,"LUX"
2020-10-10,8,"LUX"
2020-09-23,9,"LUX"
NA,10,"LUX"
2020-06-20,11,"LUX"
2020-06-04,12,"LUX"
NA,1,"LVA"
2021-04-27,2,"LVA"
2020-09-30,3,"LVA"
NA,4,"LVA"
2020-07-09,5,"LVA"
2020-06-10,6,"LVA"
NA,7,"LVA"
2020-10-10,8,"LVA"
2020-09-23,9,"LVA"
NA,10,"LVA"
2020-06-20,11,"LVA"
2020-06-04,12,"LVA"
NA,1,"MAC"
2021-04-27,2,"MAC"
2020-09-30,3,"MAC"
NA,4,"MAC"
2020-07-09,5,"MAC"
2020-06-10,6,"MAC"
NA,7,"MAC"
2020-10-10,8,"MAC"
2020-09-23,9,"MAC"
NA,10,"MAC"
2020-06-20,11,"MAC"
2020-06-04,12,"MAC"
NA,1,"MAR"
2021-04-27,2,"MAR"
2020-09-30,3,"MAR"
NA,4,"MAR"
2020-07-09,5,"MAR"
2020-06-10,6,"MAR"
NA,7,"MAR"
2020-10-10,8,"MAR"
2020-09-23,9,"MAR"
NA,10,"MAR"
2020-06-20,11,"MAR"
2020-06-04,12,"MAR"
NA,1,"MDA"
2021-04-27,2,"MDA"
2020-09-30,3,"MDA"
NA,4,"MDA"
2020-07-09,5,"MDA"
2020-06-10,6,"MDA"
NA,7,"MDA"
2020-10-10,8,"MDA"
2020-09-23,9,"MDA"
NA,10,"MDA"
2020-06-20,11,"MDA"
2020-06-04,12,"MDA"
NA,1,"MDG"
2021-04-27,2,"MDG"
2020-09-30,3,"MDG"
NA,4,"MDG"
2020-07-09,5,"MDG"
2020-06-10,6,"MDG"
NA,7,"MDG"
2020-10-10,8,"MDG"
2020-09-23,9,"MDG"
NA,10,"MDG"
2020-06-20,11,"MDG"
2020-06-04,12,"MDG"
NA,1,"MDV"
2021-04-27,2,"MDV"
2020-09-30,3,"MDV"
NA,4,"MDV"
2020-07-09,5,"MDV"
2020-06-10,6,"MDV"
NA,7,"MDV"
2020-10-10,8,"MDV"
2020-09-23,9,"MDV"
NA,10,"MDV"
2020-06-20,11,"MDV"
2020-06-04,12,"MDV"
NA,1,"MEX"
2021-04-27,2,"MEX"
2020-09-30,3,"MEX"
NA,4,"MEX"
2020-07-09,5,"MEX"
2020-06-10,6,"MEX"
NA,7,"MEX"
2020-10-10,8,"MEX"
2020-09-23,9,"MEX"
NA,10,"MEX"
2020-06-20,11,"MEX"
2020-06-04,12,"MEX"
NA,1,"MKD"
2021-04-27,2,"MKD"
2020-09-30,3,"MKD"
NA,4,"MKD"
2020-07-09,5,"MKD"
2020-06-10,6,"MKD"
NA,7,"MKD"
2020-10-10,8,"MKD"
2020-09-23,9,"MKD"
NA,10,"MKD"
2020-06-20,11,"MKD"
2020-06-04,12,"MKD"
NA,1,"MLI"
2021-04-27,2,"MLI"
2020-09-30,3,"MLI"
NA,4,"MLI"
2020-07-09,5,"MLI"
2020-06-10,6,"MLI"
NA,7,"MLI"
2020-10-10,8,"MLI"
2020-09-23,9,"MLI"
NA,10,"MLI"
2020-06-20,11,"MLI"
2020-06-04,12,"MLI"
NA,1,"MLT"
2021-04-27,2,"MLT"
2020-09-30,3,"MLT"
NA,4,"MLT"
2020-07-09,5,"MLT"
2020-06-10,6,"MLT"
NA,7,"MLT"
2020-10-10,8,"MLT"
2020-09-23,9,"MLT"
NA,10,"MLT"
2020-06-20,11,"MLT"
2020-06-04,12,"MLT"
NA,1,"MMR"
2021-04-27,2,"MMR"
2020-09-30,3,"MMR"
NA,4,"MMR"
2020-07-09,5,"MMR"
2020-06-10,6,"MMR"
NA,7,"MMR"
2020-10-10,8,"MMR"
2020-09-23,9,"MMR"
NA,10,"MMR"
2020-06-20,11,"MMR"
2020-06-04,12,"MMR"
NA,1,"MNE"
2021-04-27,2,"MNE"
2020-09-30,3,"MNE"
NA,4,"MNE"
2020-07-09,5,"MNE"
2020-06-10,6,"MNE"
NA,7,"MNE"
2020-10-10,8,"MNE"
2020-09-23,9,"MNE"
NA,10,"MNE"
2020-06-20,11,"MNE"
2020-06-04,12,"MNE"
NA,1,"MOZ"
2021-04-27,2,"MOZ"
2020-09-30,3,"MOZ"
NA,4,"MOZ"
2020-07-09,5,"MOZ"
2020-06-10,6,"MOZ"
NA,7,"MOZ"
2020-10-10,8,"MOZ"
2020-09-23,9,"MOZ"
NA,10,"MOZ"
2020-06-20,11,"MOZ"
2020-06-04,12,"MOZ"
NA,1,"MRT"
2021-04-27,2,"MRT"
2020-09-30,3,"MRT"
NA,4,"MRT"
2020-07-09,5,"MRT"
2020-06-10,6,"MRT"
NA,7,"MRT"
2020-10-10,8,"MRT"
2020-09-23,9,"MRT"
NA,10,"MRT"
2020-06-20,11,"MRT"
2020-06-04,12,"MRT"
NA,1,"MUS"
2021-04-27,2,"MUS"
2020-09-30,3,"MUS"
NA,4,"MUS"
2020-07-09,5,"MUS"
2020-06-10,6,"MUS"
NA,7,"MUS"
2020-10-10,8,"MUS"
2020-09-23,9,"MUS"
NA,10,"MUS"
2020-06-20,11,"MUS"
2020-06-04,12,"MUS"
NA,1,"MWI"
2021-04-27,2,"MWI"
2020-09-30,3,"MWI"
NA,4,"MWI"
2020-07-09,5,"MWI"
2020-06-10,6,"MWI"
NA,7,"MWI"
2020-10-10,8,"MWI"
2020-09-23,9,"MWI"
NA,10,"MWI"
2020-06-20,11,"MWI"
2020-06-04,12,"MWI"
NA,1,"MYS"
2021-04-27,2,"MYS"
2020-09-30,3,"MYS"
NA,4,"MYS"
2020-07-09,5,"MYS"
2020-06-10,6,"MYS"
NA,7,"MYS"
2020-10-10,8,"MYS"
2020-09-23,9,"MYS"
NA,10,"MYS"
2020-06-20,11,"MYS"
2020-06-04,12,"MYS"
NA,1,"NAM"
2021-04-27,2,"NAM"
2020-09-30,3,"NAM"
NA,4,"NAM"
2020-07-09,5,"NAM"
2020-06-10,6,"NAM"
NA,7,"NAM"
2020-10-10,8,"NAM"
2020-09-23,9,"NAM"
NA,10,"NAM"
2020-06-20,11,"NAM"
2020-06-04,12,"NAM"
NA,1,"NER"
2021-04-27,2,"NER"
2020-09-30,3,"NER"
NA,4,"NER"
2020-07-09,5,"NER"
2020-06-10,6,"NER"
NA,7,"NER"
2020-10-10,8,"NER"
2020-09-23,9,"NER"
NA,10,"NER"
2020-06-20,11,"NER"
2020-06-04,12,"NER"
NA,1,"NGA"
2021-04-27,2,"NGA"
2020-09-30,3,"NGA"
NA,4,"NGA"
2020-07-09,5,"NGA"
2020-06-10,6,"NGA"
NA,7,"NGA"
2020-10-10,8,"NGA"
2020-09-23,9,"NGA"
NA,10,"NGA"
2020-06-20,11,"NGA"
2020-06-04,12,"NGA"
NA,1,"NIC"
2021-04-27,2,"NIC"
2020-09-30,3,"NIC"
NA,4,"NIC"
2020-07-09,5,"NIC"
2020-06-10,6,"NIC"
NA,7,"NIC"
2020-10-10,8,"NIC"
2020-09-23,9,"NIC"
NA,10,"NIC"
2020-06-20,11,"NIC"
2020-06-04,12,"NIC"
NA,1,"NLD"
2021-04-27,2,"NLD"
2020-09-30,3,"NLD"
NA,4,"NLD"
2020-07-09,5,"NLD"
2020-06-10,6,"NLD"
NA,7,"NLD"
2020-10-10,8,"NLD"
2020-09-23,9,"NLD"
NA,10,"NLD"
2020-06-20,11,"NLD"
2020-06-04,12,"NLD"
NA,1,"NOR"
2021-04-27,2,"NOR"
2020-09-30,3,"NOR"
NA,4,"NOR"
2020-07-09,5,"NOR"
2020-06-10,6,"NOR"
NA,7,"NOR"
2020-10-10,8,"NOR"
2020-09-23,9,"NOR"
NA,10,"NOR"
2020-06-20,11,"NOR"
2020-06-04,12,"NOR"
NA,1,"NPL"
2021-04-27,2,"NPL"
2020-09-30,3,"NPL"
NA,4,"NPL"
2020-07-09,5,"NPL"
2020-06-10,6,"NPL"
NA,7,"NPL"
2020-10-10,8,"NPL"
2020-09-23,9,"NPL"
NA,10,"NPL"
2020-06-20,11,"NPL"
2020-06-04,12,"NPL"
NA,1,"NZL"
2021-04-27,2,"NZL"
2020-09-30,3,"NZL"
NA,4,"NZL"
2020-07-09,5,"NZL"
2020-06-10,6,"NZL"
NA,7,"NZL"
2020-10-10,8,"NZL"
2020-09-23,9,"NZL"
NA,10,"NZL"
2020-06-20,11,"NZL"
2020-06-04,12,"NZL"
NA,1,"OMN"
2021-04-27,2,"OMN"
2020-09-30,3,"OMN"
NA,4,"OMN"
2020-07-09,5,"OMN"
2020-06-10,6,"OMN"
NA,7,"OMN"
2020-10-10,8,"OMN"
2020-09-23,9,"OMN"
NA,10,"OMN"
2020-06-20,11,"OMN"
2020-06-04,12,"OMN"
NA,1,"PAK"
2021-04-27,2,"PAK"
2020-09-30,3,"PAK"
NA,4,"PAK"
2020-07-09,5,"PAK"
2020-06-10,6,"PAK"
NA,7,"PAK"
2020-10-10,8,"PAK"
2020-09-23,9,"PAK"
NA,10,"PAK"
2020-06-20,11,"PAK"
2020-06-04,12,"PAK"
NA,1,"PAN"
2021-04-27,2,"PAN"
2020-09-30,3,"PAN"
NA,4,"PAN"
2020-07-09,5,"PAN"
2020-06-10,6,"PAN"
NA,7,"PAN"
2020-10-10,8,"PAN"
2020-09-23,9,"PAN"
NA,10,"PAN"
2020-06-20,11,"PAN"
2020-06-04,12,"PAN"
NA,1,"PER"
2021-04-27,2,"PER"
2020-09-30,3,"PER"
NA,4,"PER"
2020-07-09,5,"PER"
2020-06-10,6,"PER"
NA,7,"PER"
2020-10-10,8,"PER"
2020-09-23,9,"PER"
NA,10,"PER"
2020-06-20,11,"PER"
2020-06-04,12,"PER"
NA,1,"PHL"
2021-04-27,2,"PHL"
2020-09-30,3,"PHL"
NA,4,"PHL"
2020-07-09,5,"PHL"
2020-06-10,6,"PHL"
NA,7,"PHL"
2020-10-10,8,"PHL"
2020-09-23,9,"PHL"
NA,10,"PHL"
2020-06-20,11,"PHL"
2020-06-04,12,"PHL"
NA,1,"PNG"
2021-04-27,2,"PNG"
2020-09-30,3,"PNG"
NA,4,"PNG"
2020-07-09,5,"PNG"
2020-06-10,6,"PNG"
NA,7,"PNG"
2020-10-10,8,"PNG"
2020-09-23,9,"PNG"
NA,10,"PNG"
2020-06-20,11,"PNG"
2020-06-04,12,"PNG"
NA,1,"POL"
2021-04-27,2,"POL"
2020-09-30,3,"POL"
NA,4,"POL"
2020-07-09,5,"POL"
2020-06-10,6,"POL"
NA,7,"POL"
2020-10-10,8,"POL"
2020-09-23,9,"POL"
NA,10,"POL"
2020-06-20,11,"POL"
2020-06-04,12,"POL"
NA,1,"PRT"
2021-04-27,2,"PRT"
2020-09-30,3,"PRT"
NA,4,"PRT"
2020-07-09,5,"PRT"
2020-06-10,6,"PRT"
NA,7,"PRT"
2020-10-10,8,"PRT"
2020-09-23,9,"PRT"
NA,10,"PRT"
2020-06-20,11,"PRT"
2020-06-04,12,"PRT"
NA,1,"PRY"
2021-04-27,2,"PRY"
2020-09-30,3,"PRY"
NA,4,"PRY"
2020-07-09,5,"PRY"
2020-06-10,6,"PRY"
NA,7,"PRY"
2020-10-10,8,"PRY"
2020-09-23,9,"PRY"
NA,10,"PRY"
2020-06-20,11,"PRY"
2020-06-04,12,"PRY"
NA,1,"PSE"
2021-04-27,2,"PSE"
2020-09-30,3,"PSE"
NA,4,"PSE"
2020-07-09,5,"PSE"
2020-06-10,6,"PSE"
NA,7,"PSE"
2020-10-10,8,"PSE"
2020-09-23,9,"PSE"
NA,10,"PSE"
2020-06-20,11,"PSE"
2020-06-04,12,"PSE"
NA,1,"PYF"
2021-04-27,2,"PYF"
2020-09-30,3,"PYF"
NA,4,"PYF"
2020-07-09,5,"PYF"
2020-06-10,6,"PYF"
NA,7,"PYF"
2020-10-10,8,"PYF"
2020-09-23,9,"PYF"
NA,10,"PYF"
2020-06-20,11,"PYF"
2020-06-04,12,"PYF"
NA,1,"QAT"
2021-04-27,2,"QAT"
2020-09-30,3,"QAT"
NA,4,"QAT"
2020-07-09,5,"QAT"
2020-06-10,6,"QAT"
NA,7,"QAT"
2020-10-10,8,"QAT"
2020-09-23,9,"QAT"
NA,10,"QAT"
2020-06-20,11,"QAT"
2020-06-04,12,"QAT"
NA,1,"ROU"
2021-04-27,2,"ROU"
2020-09-30,3,"ROU"
NA,4,"ROU"
2020-07-09,5,"ROU"
2020-06-10,6,"ROU"
NA,7,"ROU"
2020-10-10,8,"ROU"
2020-09-23,9,"ROU"
NA,10,"ROU"
2020-06-20,11,"ROU"
2020-06-04,12,"ROU"
NA,1,"RUS"
2021-04-27,2,"RUS"
2020-09-30,3,"RUS"
NA,4,"RUS"
2020-07-09,5,"RUS"
2020-06-10,6,"RUS"
NA,7,"RUS"
2020-10-10,8,"RUS"
2020-09-23,9,"RUS"
NA,10,"RUS"
2020-06-20,11,"RUS"
2020-06-04,12,"RUS"
NA,1,"RWA"
2021-04-27,2,"RWA"
2020-09-30,3,"RWA"
NA,4,"RWA"
2020-07-09,5,"RWA"
2020-06-10,6,"RWA"
NA,7,"RWA"
2020-10-10,8,"RWA"
2020-09-23,9,"RWA"
NA,10,"RWA"
2020-06-20,11,"RWA"
2020-06-04,12,"RWA"
NA,1,"SAU"
2021-04-27,2,"SAU"
2020-09-30,3,"SAU"
NA,4,"SAU"
2020-07-09,5,"SAU"
2020-06-10,6,"SAU"
NA,7,"SAU"
2020-10-10,8,"SAU"
2020-09-23,9,"SAU"
NA,10,"SAU"
2020-06-20,11,"SAU"
2020-06-04,12,"SAU"
NA,1,"SDN"
2021-04-27,2,"SDN"
2020-09-30,3,"SDN"
NA,4,"SDN"
2020-07-09,5,"SDN"
2020-06-10,6,"SDN"
NA,7,"SDN"
2020-10-10,8,"SDN"
2020-09-23,9,"SDN"
NA,10,"SDN"
2020-06-20,11,"SDN"
2020-06-04,12,"SDN"
NA,1,"SEN"
2021-04-27,2,"SEN"
2020-09-30,3,"SEN"
NA,4,"SEN"
2020-07-09,5,"SEN"
2020-06-10,6,"SEN"
NA,7,"SEN"
2020-10-10,8,"SEN"
2020-09-23,9,"SEN"
NA,10,"SEN"
2020-06-20,11,"SEN"
2020-06-04,12,"SEN"
NA,1,"SGP"
2021-04-27,2,"SGP"
2020-09-30,3,"SGP"
NA,4,"SGP"
2020-07-09,5,"SGP"
2020-06-10,6,"SGP"
NA,7,"SGP"
2020-10-10,8,"SGP"
2020-09-23,9,"SGP"
NA,10,"SGP"
2020-06-20,11,"SGP"
2020-06-04,12,"SGP"
NA,1,"SLB"
2021-04-27,2,"SLB"
2020-09-30,3,"SLB"
NA,4,"SLB"
2020-07-09,5,"SLB"
2020-06-10,6,"SLB"
NA,7,"SLB"
2020-10-10,8,"SLB"
2020-09-23,9,"SLB"
NA,10,"SLB"
2020-06-20,11,"SLB"
2020-06-04,12,"SLB"
NA,1,"SLE"
2021-04-27,2,"SLE"
2020-09-30,3,"SLE"
NA,4,"SLE"
2020-07-09,5,"SLE"
2020-06-10,6,"SLE"
NA,7,"SLE"
2020-10-10,8,"SLE"
2020-09-23,9,"SLE"
NA,10,"SLE"
2020-06-20,11,"SLE"
2020-06-04,12,"SLE"
NA,1,"SLV"
2021-04-27,2,"SLV"
2020-09-30,3,"SLV"
NA,4,"SLV"
2020-07-09,5,"SLV"
2020-06-10,6,"SLV"
NA,7,"SLV"
2020-10-10,8,"SLV"
2020-09-23,9,"SLV"
NA,10,"SLV"
2020-06-20,11,"SLV"
2020-06-04,12,"SLV"
NA,1,"SOM"
2021-04-27,2,"SOM"
2020-09-30,3,"SOM"
NA,4,"SOM"
2020-07-09,5,"SOM"
2020-06-10,6,"SOM"
NA,7,"SOM"
2020-10-10,8,"SOM"
2020-09-23,9,"SOM"
NA,10,"SOM"
2020-06-20,11,"SOM"
2020-06-04,12,"SOM"
NA,1,"SRB"
2021-04-27,2,"SRB"
2020-09-30,3,"SRB"
NA,4,"SRB"
2020-07-09,5,"SRB"
2020-06-10,6,"SRB"
NA,7,"SRB"
2020-10-10,8,"SRB"
2020-09-23,9,"SRB"
NA,10,"SRB"
2020-06-20,11,"SRB"
2020-06-04,12,"SRB"
NA,1,"SSD"
2021-04-27,2,"SSD"
2020-09-30,3,"SSD"
NA,4,"SSD"
2020-07-09,5,"SSD"
2020-06-10,6,"SSD"
NA,7,"SSD"
2020-10-10,8,"SSD"
2020-09-23,9,"SSD"
NA,10,"SSD"
2020-06-20,11,"SSD"
2020-06-04,12,"SSD"
NA,1,"STP"
2021-04-27,2,"STP"
2020-09-30,3,"STP"
NA,4,"STP"
2020-07-09,5,"STP"
2020-06-10,6,"STP"
NA,7,"STP"
2020-10-10,8,"STP"
2020-09-23,9,"STP"
NA,10,"STP"
2020-06-20,11,"STP"
2020-06-04,12,"STP"
NA,1,"SUR"
2021-04-27,2,"SUR"
2020-09-30,3,"SUR"
NA,4,"SUR"
2020-07-09,5,"SUR"
2020-06-10,6,"SUR"
NA,7,"SUR"
2020-10-10,8,"SUR"
2020-09-23,9,"SUR"
NA,10,"SUR"
2020-06-20,11,"SUR"
2020-06-04,12,"SUR"
NA,1,"SVK"
2021-04-27,2,"SVK"
2020-09-30,3,"SVK"
NA,4,"SVK"
2020-07-09,5,"SVK"
2020-06-10,6,"SVK"
NA,7,"SVK"
2020-10-10,8,"SVK"
2020-09-23,9,"SVK"
NA,10,"SVK"
2020-06-20,11,"SVK"
2020-06-04,12,"SVK"
NA,1,"SVN"
2021-04-27,2,"SVN"
2020-09-30,3,"SVN"
NA,4,"SVN"
2020-07-09,5,"SVN"
2020-06-10,6,"SVN"
NA,7,"SVN"
2020-10-10,8,"SVN"
2020-09-23,9,"SVN"
NA,10,"SVN"
2020-06-20,11,"SVN"
2020-06-04,12,"SVN"
NA,1,"SWE"
2021-04-27,2,"SWE"
2020-09-30,3,"SWE"
NA,4,"SWE"
2020-07-09,5,"SWE"
2020-06-10,6,"SWE"
NA,7,"SWE"
2020-10-10,8,"SWE"
2020-09-23,9,"SWE"
NA,10,"SWE"
2020-06-20,11,"SWE"
2020-06-04,12,"SWE"
NA,1,"SWZ"
2021-04-27,2,"SWZ"
2020-09-30,3,"SWZ"
NA,4,"SWZ"
2020-07-09,5,"SWZ"
2020-06-10,6,"SWZ"
NA,7,"SWZ"
2020-10-10,8,"SWZ"
2020-09-23,9,"SWZ"
NA,10,"SWZ"
2020-06-20,11,"SWZ"
2020-06-04,12,"SWZ"
NA,1,"SYC"
2021-04-27,2,"SYC"
2020-09-30,3,"SYC"
NA,4,"SYC"
2020-07-09,5,"SYC"
2020-06-10,6,"SYC"
NA,7,"SYC"
2020-10-10,8,"SYC"
2020-09-23,9,"SYC"
NA,10,"SYC"
2020-06-20,11,"SYC"
2020-06-04,12,"SYC"
NA,1,"SYR"
2021-04-27,2,"SYR"
2020-09-30,3,"SYR"
NA,4,"SYR"
2020-07-09,5,"SYR"
2020-06-10,6,"SYR"
NA,7,"SYR"
2020-10-10,8,"SYR"
2020-09-23,9,"SYR"
NA,10,"SYR"
2020-06-20,11,"SYR"
2020-06-04,12,"SYR"
NA,1,"TCD"
2021-04-27,2,"TCD"
2020-09-30,3,"TCD"
NA,4,"TCD"
2020-07-09,5,"TCD"
2020-06-10,6,"TCD"
NA,7,"TCD"
2020-10-10,8,"TCD"
2020-09-23,9,"TCD"
NA,10,"TCD"
2020-06-20,11,"TCD"
2020-06-04,12,"TCD"
NA,1,"TGO"
2021-04-27,2,"TGO"
2020-09-30,3,"TGO"
NA,4,"TGO"
2020-07-09,5,"TGO"
2020-06-10,6,"TGO"
NA,7,"TGO"
2020-10-10,8,"TGO"
2020-09-23,9,"TGO"
NA,10,"TGO"
2020-06-20,11,"TGO"
2020-06-04,12,"TGO"
NA,1,"THA"
2021-04-27,2,"THA"
2020-09-30,3,"THA"
NA,4,"THA"
2020-07-09,5,"THA"
2020-06-10,6,"THA"
NA,7,"THA"
2020-10-10,8,"THA"
2020-09-23,9,"THA"
NA,10,"THA"
2020-06-20,11,"THA"
2020-06-04,12,"THA"
NA,1,"TJK"
2021-04-27,2,"TJK"
2020-09-30,3,"TJK"
NA,4,"TJK"
2020-07-09,5,"TJK"
2020-06-10,6,"TJK"
NA,7,"TJK"
2020-10-10,8,"TJK"
2020-09-23,9,"TJK"
NA,10,"TJK"
2020-06-20,11,"TJK"
2020-06-04,12,"TJK"
NA,1,"TKM"
2021-04-27,2,"TKM"
2020-09-30,3,"TKM"
NA,4,"TKM"
2020-07-09,5,"TKM"
2020-06-10,6,"TKM"
NA,7,"TKM"
2020-10-10,8,"TKM"
2020-09-23,9,"TKM"
NA,10,"TKM"
2020-06-20,11,"TKM"
2020-06-04,12,"TKM"
NA,1,"TLS"
2021-04-27,2,"TLS"
2020-09-30,3,"TLS"
NA,4,"TLS"
2020-07-09,5,"TLS"
2020-06-10,6,"TLS"
NA,7,"TLS"
2020-10-10,8,"TLS"
2020-09-23,9,"TLS"
NA,10,"TLS"
2020-06-20,11,"TLS"
2020-06-04,12,"TLS"
NA,1,"TTO"
2021-04-27,2,"TTO"
2020-09-30,3,"TTO"
NA,4,"TTO"
2020-07-09,5,"TTO"
2020-06-10,6,"TTO"
NA,7,"TTO"
2020-10-10,8,"TTO"
2020-09-23,9,"TTO"
NA,10,"TTO"
2020-06-20,11,"TTO"
2020-06-04,12,"TTO"
NA,1,"TUN"
2021-04-27,2,"TUN"
2020-09-30,3,"TUN"
NA,4,"TUN"
2020-07-09,5,"TUN"
2020-06-10,6,"TUN"
NA,7,"TUN"
2020-10-10,8,"TUN"
2020-09-23,9,"TUN"
NA,10,"TUN"
2020-06-20,11,"TUN"
2020-06-04,12,"TUN"
NA,1,"TUR"
2021-04-27,2,"TUR"
2020-09-30,3,"TUR"
NA,4,"TUR"
2020-07-09,5,"TUR"
2020-06-10,6,"TUR"
NA,7,"TUR"
2020-10-10,8,"TUR"
2020-09-23,9,"TUR"
NA,10,"TUR"
2020-06-20,11,"TUR"
2020-06-04,12,"TUR"
NA,1,"TWN"
2021-04-27,2,"TWN"
2020-09-30,3,"TWN"
NA,4,"TWN"
2020-07-09,5,"TWN"
2020-06-10,6,"TWN"
NA,7,"TWN"
2020-10-10,8,"TWN"
2020-09-23,9,"TWN"
NA,10,"TWN"
2020-06-20,11,"TWN"
2020-06-04,12,"TWN"
NA,1,"TZA"
2021-04-27,2,"TZA"
2020-09-30,3,"TZA"
NA,4,"TZA"
2020-07-09,5,"TZA"
2020-06-10,6,"TZA"
NA,7,"TZA"
2020-10-10,8,"TZA"
2020-09-23,9,"TZA"
NA,10,"TZA"
2020-06-20,11,"TZA"
2020-06-04,12,"TZA"
NA,1,"UGA"
2021-04-27,2,"UGA"
2020-09-30,3,"UGA"
NA,4,"UGA"
2020-07-09,5,"UGA"
2020-06-10,6,"UGA"
NA,7,"UGA"
2020-10-10,8,"UGA"
2020-09-23,9,"UGA"
NA,10,"UGA"
2020-06-20,11,"UGA"
2020-06-04,12,"UGA"
NA,1,"UKR"
2021-04-27,2,"UKR"
2020-09-30,3,"UKR"
NA,4,"UKR"
2020-07-09,5,"UKR"
2020-06-10,6,"UKR"
NA,7,"UKR"
2020-10-10,8,"UKR"
2020-09-23,9,"UKR"
NA,10,"UKR"
2020-06-20,11,"UKR"
2020-06-04,12,"UKR"
NA,1,"URY"
2021-04-27,2,"URY"
2020-09-30,3,"URY"
NA,4,"URY"
2020-07-09,5,"URY"
2020-06-10,6,"URY"
NA,7,"URY"
2020-10-10,8,"URY"
2020-09-23,9,"URY"
NA,10,"URY"
2020-06-20,11,"URY"
2020-06-04,12,"URY"
NA,1,"USA"
2021-04-27,2,"USA"
2020-09-30,3,"USA"
NA,4,"USA"
2020-07-09,5,"USA"
2020-06-10,6,"USA"
NA,7,"USA"
2020-10-10,8,"USA"
2020-09-23,9,"USA"
NA,10,"USA"
2020-06-20,11,"USA"
2020-06-04,12,"USA"
NA,1,"UZB"
2021-04-27,2,"UZB"
2020-09-30,3,"UZB"
NA,4,"UZB"
2020-07-09,5,"UZB"
2020-06-10,6,"UZB"
NA,7,"UZB"
2020-10-10,8,"UZB"
2020-09-23,9,"UZB"
NA,10,"UZB"
2020-06-20,11,"UZB"
2020-06-04,12,"UZB"
NA,1,"VCT"
2021-04-27,2,"VCT"
2020-09-30,3,"VCT"
NA,4,"VCT"
2020-07-09,5,"VCT"
2020-06-10,6,"VCT"
NA,7,"VCT"
2020-10-10,8,"VCT"
2020-09-23,9,"VCT"
NA,10,"VCT"
2020-06-20,11,"VCT"
2020-06-04,12,"VCT"
NA,1,"VEN"
2021-04-27,2,"VEN"
2020-09-30,3,"VEN"
NA,4,"VEN"
2020-07-09,5,"VEN"
2020-06-10,6,"VEN"
NA,7,"VEN"
2020-10-10,8,"VEN"
2020-09-23,9,"VEN"
NA,10,"VEN"
2020-06-20,11,"VEN"
2020-06-04,12,"VEN"
NA,1,"VNM"
2021-04-27,2,"VNM"
2020-09-30,3,"VNM"
NA,4,"VNM"
2020-07-09,5,"VNM"
2020-06-10,6,"VNM"
NA,7,"VNM"
2020-10-10,8,"VNM"
2020-09-23,9,"VNM"
NA,10,"VNM"
2020-06-20,11,"VNM"
2020-06-04,12,"VNM"
NA,1,"YEM"
2021-04-27,2,"YEM"
2020-09-30,3,"YEM"
NA,4,"YEM"
2020-07-09,5,"YEM"
2020-06-10,6,"YEM"
NA,7,"YEM"
2020-10-10,8,"YEM"
2020-09-23,9,"YEM"
NA,10,"YEM"
2020-06-20,11,"YEM"
2020-06-04,12,"YEM"
NA,1,"ZAF"
2021-04-27,2,"ZAF"
2020-09-30,3,"ZAF"
NA,4,"ZAF"
2020-07-09,5,"ZAF"
2020-06-10,6,"ZAF"
NA,7,"ZAF"
2020-10-10,8,"ZAF"
2020-09-23,9,"ZAF"
NA,10,"ZAF"
2020-06-20,11,"ZAF"
2020-06-04,12,"ZAF"
NA,1,"ZMB"
2021-04-27,2,"ZMB"
2020-09-30,3,"ZMB"
NA,4,"ZMB"
2020-07-09,5,"ZMB"
2020-06-10,6,"ZMB"
NA,7,"ZMB"
2020-10-10,8,"ZMB"
2020-09-23,9,"ZMB"
NA,10,"ZMB"
2020-06-20,11,"ZMB"
2020-06-04,12,"ZMB"
NA,1,"ZWE"
2021-04-27,2,"ZWE"
2020-09-30,3,"ZWE"
NA,4,"ZWE"
2020-07-09,5,"ZWE"
2020-06-10,6,"ZWE"
NA,7,"ZWE"
2020-10-10,8,"ZWE"
2020-09-23,9,"ZWE"
NA,10,"ZWE"
2020-06-20,11,"ZWE"
2020-06-04,12,"ZWE"
